asset,class,n,rho_r(1),rho_r(1) CI lo,rho_r(1) CI hi,max|rho_r(2..20)|,rho_|r|(1),S20,S20 rank,p_perm,p_LjungBox,kurt r,kurt GARCH resid,p_perm Holm
SPX,Equity index,9066,-0.07936793926299002,-0.14118762880334965,-0.015015591152753294,0.046765294659689816,0.2761526300615302,5.355441812382035,3.1515621522371142,0.0004997501249375312,0.0,10.884393577952569,1.9946772388355951,0.0069965017491254375
DAX,Equity index,9106,-0.007413450311413101,-0.028954938535984,0.017755072070484212,0.02649908742107018,0.20498880874723924,4.558846537801189,3.1006637222948013,0.0004997501249375312,0.0,5.884715638150077,4.042563120426383,0.0069965017491254375
N225,Equity index,8834,-0.029011749721946742,-0.05148851291267249,-0.006588091155244908,0.02299514533424818,0.21381318589983528,3.2602853319149956,2.051318426473223,0.0004997501249375312,0.0,6.162455277755138,1.5826296756931435,0.0069965017491254375
BMW,Single stock,7464,0.019585213499729463,-0.00800113748224246,0.047393624112681484,0.027498531651009874,0.18748471474491957,3.4161249849154287,2.290221178923617,0.0004997501249375312,0.0,4.643557267040212,2.5671479903094663,0.0069965017491254375
AAPL,Single stock,9066,-0.016435579052369215,-0.05047829914642305,0.01894721766912486,0.04371296864457049,0.20999897792035596,2.8330200564586,2.984126624842844,0.0004997501249375312,0.0,65.54918802894994,9.606679960690442,0.0069965017491254375
JPM,Single stock,9066,-0.04594391887031587,-0.0928194817868325,0.011845674158099867,0.02933897080067651,0.34514986246430684,5.471243457110492,3.5690534392272086,0.0004997501249375312,0.0,11.947463245574903,2.8614757480479396,0.0069965017491254375
XOM,Single stock,9066,-0.07138146789633416,-0.12430737541548692,-0.023585186290128398,0.04578287488082517,0.25030786197417226,4.122686029027704,2.392573641786711,0.0004997501249375312,0.0,8.077721206132114,1.2902615084843818,0.0069965017491254375
USDJPY,FX,9033,0.005352336158328868,-0.017972089532121375,0.02891481569180582,0.024659028933223304,0.13837950580990835,2.1432813142800464,1.6520871919394498,0.0004997501249375312,0.0,4.533641604436511,2.913382213681093,0.0069965017491254375
GBPUSD,FX,9033,0.034335162232080524,0.005339205406192768,0.06349893668928797,0.03627994025611857,0.15611940760462187,2.7428732527536432,1.6848469941257789,0.0004997501249375312,0.0,7.741796006114152,2.0158749999866754,0.0069965017491254375
EURUSD,FX,6769,0.011530747474710933,-0.013852845109294472,0.03492742603260566,0.02405813629059117,0.07666567068972385,2.333019218514134,1.7281188510621646,0.0004997501249375312,0.0,2.4852596878996933,1.2473183400499184,0.0069965017491254375
UST10,Rates,9004,0.021616235270917553,-0.002838231812024186,0.050302374302282016,0.03346006606675523,0.11542652323974492,2.1564407205066995,1.6810932635001279,0.0004997501249375312,0.0,2.4377517660783883,1.3259840590294663,0.0069965017491254375
BRENT,Commodity,8247,-0.002060985591258294,-0.03151187901205016,0.031101499124508068,0.05196565974573851,0.2598322830513947,3.793792709289205,2.287973029992736,0.0004997501249375312,0.0,58.42469347807929,2.4534284570404394,0.0069965017491254375
GOLD,Commodity,6358,-0.015863580786220372,-0.053482533627245234,0.016905804511260128,0.03787082441690247,0.09846871680018343,2.445968945601202,1.6815916346476643,0.0004997501249375312,0.0,5.129204442229826,3.643017758153253,0.0069965017491254375
BTC,Crypto,4123,-0.02215251798660294,-0.06432089421751269,0.012408995767978838,0.03794372040441701,0.2090757637539519,2.658154276921038,2.9447671594327174,0.0004997501249375312,0.0,11.793830065329558,12.245255859814579,0.0069965017491254375
