asset,"beta[1,100]","beta[5,250]",SSE pow/exp (log-OLS fits),SSE pow/exp (NLS fits),GPH d,GPH se,beta_GPH=1-2d,beta subsample,beta standardized,S20 subsample,S20 standardized,frac>GARCH env (full),frac>GARCH env (sub),frac>GARCH env (std),"emp - GARCH median, lags 50-100",GARCH-t a+b,GARCH-t nu,long-memory-like
SPX,0.3932528120165507,0.6176445816127617,4.938586834496082,3.382182108562967,0.42704220924993846,0.06579341806082817,0.14591558150012307,0.46675527518483884,1.1668168358906572,4.02465237551152,3.009713813831308,0.0,0.0,0.0,-0.007077910254535614,0.994104165951877,6.408360929048698,False
DAX,0.29840256244069285,0.5408124989942622,3.7811394937828995,2.958935711732485,0.4845456296919835,0.06579341806082817,0.030908740616032992,0.34747625763477547,0.7744604598385938,3.787953341137989,2.7930412936947446,0.0,0.0196078431372549,0.0,0.013248125342822487,0.9920700355847956,7.52544962287122,False
N225,0.6202318520997487,0.8456872443135103,5.081411550639719,2.9283698023019595,0.2942492371678491,0.0664971109981282,0.41150152566430176,0.7121762645944796,1.0239571823031537,2.7407061424693513,2.5282514518590347,0.0,0.0,0.0,-0.0010612798263086724,0.9817509535156252,7.370545696969517,False
BMW,0.24562949979068616,0.45448295098217334,1.3347739554891351,1.2360051898763786,0.48749869145533126,0.06915045247897637,0.025002617089337487,0.30208010219215087,0.6607129434664587,2.9106975523794496,1.7973639536320047,0.0,0.0,0.0,-0.052936061788242963,0.9973663235985281,5.722783806946888,False
AAPL,0.1606024953177274,0.15916665049361509,0.45119548266356646,0.457991562362852,0.3625289511363284,0.06579341806082817,0.27494209772734324,0.6093907902088872,0.909022293659403,1.6952823521531566,1.4554289460081238,0.0,0.0,0.0,-0.07267609838029901,0.9990887889123866,4.506208292222617,False
JPM,0.20467182392344407,0.5017714000174324,1.5571662064179193,1.3835959232729036,0.5944689487336858,0.06579341806082817,-0.18893789746737166,0.3550251383010149,0.8328200463664736,3.8924762986321735,2.5606602803896115,0.0,0.0,0.0,0.010865761230710142,0.9969353368284839,5.809332050633195,False
XOM,0.35700105716731295,0.48764919232972503,2.9597081835579693,2.0960804216183146,0.35054334924114877,0.06579341806082817,0.29891330151770246,0.6301679551132167,1.0475493268094949,2.676388253171162,2.2317042571301413,0.0,0.0,0.0,-0.000779017373392786,0.9925084821409136,8.2600287796612,False
USDJPY,0.2734296695225278,0.6363023127559474,1.0914399437368403,0.9990848956719838,0.42500505338908257,0.06579341806082817,0.14998989322183487,0.3422069380772338,0.7091098167650066,1.6972145587186884,1.4513860847033286,0.0,0.0,0.0,-0.03336638361844692,0.9949168401682186,5.132726411286839,False
GBPUSD,0.24654749132797182,0.6820318297210982,1.5866594761364583,1.4007975273647426,0.4565888722166097,0.06579341806082817,0.08682225556678058,0.3428723190127997,0.5787505311966503,2.1382883890016657,1.5690869048493306,0.0,0.0,0.0,0.008624416016326929,0.9925711823582621,7.356478117502838,False
EURUSD,0.154362181195585,0.5556050426912211,1.541046100028663,1.4836145051466765,0.6499766203958682,0.07081696750590495,-0.29995324079173646,0.19152718145874717,0.48251620044752336,2.03603213638869,1.5390021704228292,0.0,0.0,0.0,-0.08117186872790806,0.9988540637481897,8.118101036858778,False
UST10,0.24786910851935126,0.3618911999420028,1.5402668366401002,1.36161315090644,0.5489087908674913,0.06614245721072769,-0.09781758173498267,0.3255792980759753,0.612335596778241,1.738999291820523,1.364956979076769,0.0,0.0196078431372549,0.0196078431372549,-0.007823195210086686,0.9936631963149676,8.856227827361002,False
BRENT,0.653292383438724,0.8677055243268273,28.15510049643643,7.405809841133739,0.3148851395259316,0.06759631126622687,0.3702297209481368,0.6040224906459203,0.8897022882976194,2.504746427567621,2.342305760842692,0.0,0.0,0.0,-0.05939031239103821,0.9933345188110749,5.400075198409733,False
GOLD,0.26023311786856795,0.8895522909839771,2.0268209227995646,1.744286949979381,0.44947724508267756,0.072149064812492,0.10104550983464489,0.372633990822692,0.5949630737452534,1.528878909694837,1.5599475482606044,0.0,0.0,0.0196078431372549,-0.008255857176930333,0.9945390466435394,4.786010972768986,False
BTC,0.47870907414296143,0.6839164389597827,1.9601504069609181,1.1542115673756068,0.33986580806273975,0.0801593643851165,0.3202683838745205,0.5225848939212262,0.795996521992423,2.4604313674736384,1.933359992489946,0.0,0.0,0.0392156862745098,-0.005087048904217742,0.9999999999959597,3.2014883041580666,False
