asset,argmax a (lag 1),"boot share a in [.75,1.25] (lag 1)",argmax a (lag 5),"boot share a in [.75,1.25] (lag 5)",argmax a (lag 20),"boot share a in [.75,1.25] (lag 20)",CI width r^2 / |r| (lag 1)
SPX,1.5,0.25,1.5,0.506,1.0,0.91,1.598510037661244
DAX,1.0,0.954,1.25,0.886,1.0,0.966,1.180477861741221
N225,2.0,0.016,1.25,0.73,1.0,0.984,1.2839478516601297
BMW,1.0,0.976,1.25,0.954,1.0,0.944,0.8430465984647796
AAPL,0.75,0.992,0.75,0.742,0.5,0.264,1.5809017016995635
JPM,1.5,0.536,1.0,0.966,1.0,0.994,1.0494178601262334
XOM,1.5,0.292,2.0,0.106,1.25,0.944,0.9258180450950506
USDJPY,2.5,0.406,1.0,0.928,1.0,0.818,1.5031619068694233
GBPUSD,1.5,0.426,1.25,0.63,1.25,0.712,0.6835974249936401
EURUSD,1.0,0.876,1.0,0.958,1.25,0.88,0.6485764266396481
UST10,1.25,0.488,1.25,0.85,1.0,0.888,0.9911577499257522
BRENT,1.5,0.32,1.0,0.814,0.75,0.962,1.171793888344156
GOLD,2.0,0.004,1.0,0.948,1.0,0.946,0.9889142572077332
BTC,0.75,0.464,0.5,0.45,0.25,0.034,1.9859230371791936
