asset,class,S20 full,S20 full lo,S20 full hi,rankS20 full,S20 common,S20 common lo,S20 common hi,rankS20 common,GARCH a+b (common),half-life days (common),GARCH alpha (common)
SPX,Equity index,5.355441812382035,3.111541327561252,6.441847797558738,3.1515621522371142,5.317140089232988,2.317710881055316,6.828133444408069,3.032814357307725,0.9666376353415335,20.42778697548893,0.1665717823635
DAX,Equity index,4.558846537801189,3.130333029715553,5.353618347342997,3.1006637222948013,3.2820331656819084,1.9870139981604646,4.033010910864184,2.25063160118309,0.9648374334086559,19.36400347610249,0.11837726454365308
N225,Equity index,3.2602853319149956,1.9759723110737322,4.363155465523699,2.051318426473223,2.1893794934745525,1.2061576763862563,2.9555701393192715,1.5079405343874988,0.9314237066605354,9.757002564565413,0.15119477390981328
BMW,Single stock,3.4161249849154287,2.273921928274898,4.072350026805173,2.290221178923617,2.61582382739444,1.0390654853651553,3.613932209055547,1.764141662900269,0.9877592079028392,56.27872212166088,0.04377712331157504
AAPL,Single stock,2.8330200564586,1.9165605395076848,3.3940882713207112,2.984126624842844,2.8632952836633434,1.5097215854466224,3.7745832483477435,1.7932103265647907,0.9533837099574082,14.519874232227561,0.09798460971002644
JPM,Single stock,5.471243457110492,3.4447094335794004,6.3071261890773,3.5690534392272086,4.275564798351667,0.9588145863913191,6.018419287964928,1.9096465084149155,0.9156258939747923,7.863500212177923,0.12651852302414496
XOM,Single stock,4.122686029027704,2.244721662105778,5.082162744068078,2.392573641786711,4.486838497252945,1.5656481979928358,5.8862423737508,3.0323840998221754,0.9955436673638096,155.19523342668148,0.07906780616716104
USDJPY,FX,2.1432813142800464,1.2319420382971389,2.7630620354129616,1.6520871919394498,2.134814566062554,1.110693301523372,2.73212120671917,1.7420071508418387,0.993218836339657,101.86958724629527,0.04838726544840884
GBPUSD,FX,2.7428732527536432,1.6281649553319293,3.563331859900334,1.6848469941257789,1.9511532138411212,0.9713461983749151,2.492320044922868,1.0455449944820736,0.9648504002683937,19.371276343638176,0.08003596248397125
EURUSD,FX,2.333019218514134,1.358477099124953,3.0366049755143694,1.7281188510621646,2.1044408420079757,1.195121680049938,2.646431290746599,1.58510628125583,0.993067432636391,99.63722151144913,0.03972822439482415
UST10,Rates,2.1564407205066995,1.4037060868158349,2.6559289070621825,1.6810932635001279,2.7774582759981974,1.3061614319734736,3.3160249561909314,2.129311356721241,0.9893573450708404,64.78196882847607,0.05343270788840352
BRENT,Commodity,3.793792709289205,1.997468572293324,4.674318977984127,2.287973029992736,4.700830915088548,1.3354913670570387,5.525017117233801,1.746603952181753,0.9672567222113353,20.8206480126219,0.10639584100036771
GOLD,Commodity,2.445968945601202,1.2850310052543332,3.1245418752537173,1.6815916346476643,1.7622361254405117,0.6565626316882776,2.494739907275082,1.1499857094909893,0.985065461912773,46.064918755072185,0.03913609456699213
BTC,Crypto,2.658154276921038,1.6213852153935613,3.2919784409632156,2.9447671594327174,2.658154276921038,1.5941601902560656,3.3335637597825114,2.9447671594327174,0.968965310321691,21.986198970499505,0.12361986339277461
