series,bar (min),n,deseasonalised,rho_r(1),rho_|r|(1 bar),S20 (bars),p_perm,"mean ACF (0,1h]","mean ACF (1h,1d]","mean ACF (1d,5d]","mean ACF (5d,10d]",p_perm Holm
BTC 5m,5.0,735580,True,-0.031114519469059073,0.38955090113482316,5.5660617232086285,0.001996007984031936,0.2998824206520451,0.1843665371694546,0.12106567201357,0.09208076578141242,0.03592814371257485
BTC 5m,5.0,735580,False,-0.031114519469059073,0.39016210420220016,5.54536086585565,0.001996007984031936,0.2997553119181789,0.17731476573513635,0.116182704767128,0.08818820586908127,0.03592814371257485
BTC 15m,15.0,245176,True,-0.009164972087789646,0.3722471825034329,4.8912766820135944,0.001996007984031936,0.3170959280315789,0.1909900632986817,0.12247732448277616,0.09120929219427608,0.03592814371257485
BTC 15m,15.0,245176,False,-0.009164972087789646,0.3693033736699508,4.816428874195099,0.001996007984031936,0.31516913333520874,0.1850011021347992,0.11837943711415615,0.08805088422151841,0.03592814371257485
BTC 30m,30.0,122577,True,-0.016300371064040666,0.3292158021420868,4.3375253168450065,0.001996007984031936,0.29732255348795084,0.18888944418488693,0.12324066062455467,0.09338771046030618,0.03592814371257485
BTC 30m,30.0,122577,False,-0.016300371064040666,0.3251422340462839,4.20812872649352,0.001996007984031936,0.29502522045881746,0.18307745804378783,0.11912861771979072,0.0902001046970241,0.03592814371257485
BTC 60m,60.0,61280,True,-0.017974638578392023,0.28268496310055635,4.010561255476312,0.001996007984031936,0.28268496310055635,0.19070984649358125,0.12507344948224516,0.09369026871318127,0.03592814371257485
BTC 60m,60.0,61280,False,-0.017974638578392023,0.28357997438526555,3.8617340516621255,0.001996007984031936,0.28357997438526555,0.18465915898363752,0.12068604011643452,0.09026940025904927,0.03592814371257485
BTC 240m,240.0,15301,True,-0.022735904833311157,0.22711972054243096,3.1408555146328756,0.001996007984031936,,0.19700592761422006,0.13921201410840933,0.10699598018560988,0.03592814371257485
BTC 240m,240.0,15301,False,-0.022735904833311157,0.21911124710271868,3.0130773417162255,0.001996007984031936,,0.190886149112838,0.13327706094865732,0.10237220679753754,0.03592814371257485
BTC 1440m,1440.0,2535,False,-0.06771160758322475,0.15713760740469,1.8571249718825769,0.001996007984031936,,0.15713760740469,0.11234426747794986,0.09208319684868918,0.03592814371257485
SPY 5m,5.0,4620,True,-0.035448379913549,0.2289877628023026,2.898858472354746,0.001996007984031936,0.17745187702056842,0.07001863621872721,0.03195798255014492,0.012164329392153263,0.03592814371257485
SPY 5m,5.0,4620,False,-0.035448379913549,0.25202910142313334,2.9071885646023494,0.001996007984031936,0.18258849628556548,0.05793775526753318,0.030843491817563164,0.011060168167436584,0.03592814371257485
SPY 60m,60.0,4342,True,0.05608507927516522,0.30768493674266145,4.054508877140217,0.001996007984031936,0.30768493674266145,0.25354320949402825,0.1550239339822078,0.08200550057087626,0.03592814371257485
SPY 60m,60.0,4342,False,0.05608507927516522,0.2987361179266694,4.013601306038394,0.001996007984031936,0.2987361179266694,0.2497105565398307,0.15404756596876926,0.08055241789662776,0.03592814371257485
SPX 1d,390.0,9066,False,-0.07936793926299002,0.2761526300615302,5.355441812382035,0.001996007984031936,,,,,0.03592814371257485
SPX 1w,1950.0,1879,False,-0.08379811065573876,0.29864767385758306,2.9253884750725523,0.001996007984031936,,,,,0.03592814371257485
SPX 1M,8190.0,432,False,0.002534524554061966,0.18633920487754732,2.1438700274466482,0.001996007984031936,,,,,0.03592814371257485
