sample,n events,excess k=1,excess k=5,excess k=20,excess k=60,excess k=20 CI lo,excess k=20 CI hi,half-life (exp fit),half-life CI lo,half-life CI hi
"empirical, all",384,0.7536509868822733,0.4138414022771666,0.22138171121886807,0.19494007401175803,0.1274242031811475,0.32907678642408844,35.809542701790065,25.410656130998394,51.73683837981251
"equities, negative",124,1.1016118023309578,0.7618822220116875,0.2912335461944487,0.10199923097712861,0.1147372616618976,0.4756523942685276,21.575242759570763,11.636780705465076,34.32241375844413
"equities, positive",68,0.34758789173764,0.028277133241165903,0.04445592792492255,0.04454061011931908,-0.11499060433216325,0.22212956155269797,324.10159926553223,19.694519313936013,357518123.44567454
"GARCH-t simulated, all",7412,0.45390607522519627,0.45200008990374657,0.4121927766278446,0.308876134548201,0.38248716995598964,0.4417874944664412,114.19893245668099,97.83741548178257,139.01171067229387
"empirical, Commodity",53,0.6631248378826415,0.13716286092934427,0.18356248009467804,0.22149811328521068,-0.0905787975229459,0.553032254556465,37.87213671449886,15.246409139005909,89.20053554787167
"empirical, Crypto",33,1.21448978301421,0.8156822024346992,-0.06461756581962674,0.28791417835039507,-0.28718068735736124,0.19311976806125955,60.96233517762354,3.624400907636292,183195256.297074
"empirical, Equity index",71,0.9473821450657264,0.7397836491806193,0.3095611832472949,-0.005157419572027999,0.07890554599589718,0.5417242292700057,25.288824534484434,12.202053884324611,63.81239512815742
"empirical, FX",87,0.4671131712142565,0.28781652501171945,0.3068403296489718,0.4094449748429679,0.11005634729904776,0.5391967777931821,48.90036399786554,24.279282853187873,161.42014168767406
"empirical, Rates",19,0.7001849311950232,0.17324609994544893,0.6096354646635884,0.12200218895894883,0.0633925776830966,1.2513119528964982,79.57708339356486,27.347274853005082,36204723.79316715
"empirical, Single stock",121,0.7683612217151385,0.3625752189919386,0.14179437038387133,0.1325854786685259,-0.010868129780827344,0.2901030307569765,29.415786451171936,12.401072213020273,61.34827279157629
"empirical, threshold 3.0σ",1083,0.3803613334416304,0.2224988460561314,0.23075339943948267,0.20010512329066596,0.1674396014781288,0.2960534576584608,93.29960044583301,58.78631284597519,216.03185515719235
"empirical, threshold 5.0σ",147,0.9972446515095748,0.3809227115506484,0.21672713250328188,0.11120987024652157,0.05191920945351864,0.3843933716520973,30.004270925261654,17.58926384613224,52.211566966204934
"empirical, decluster 60d",343,0.782469625599521,0.4323981617580712,0.23295012925040426,0.20920123362126603,0.12835135618880383,0.34730029393049244,36.9644291336044,26.096029375440747,53.13738212947155
