asset,S20 1990-1999,S20 std 1990-1999,S20 2000-2009,S20 std 2000-2009,S20 2010-2019,S20 std 2010-2019,S20 2020-2025,S20 std 2020-2025,"corr(rolling S20, rolling vol)",rolling S20 min,rolling S20 max
SPX,2.881525182682451,1.0650081403266918,5.982397848869673,2.982401581011439,3.557397792515358,2.861661803290183,5.539499298918863,4.996050918793153,0.6781924832804794,0.5096440509487828,7.919393246626414
DAX,3.67219332487586,2.5915211889646694,5.250570280780589,2.899682091790546,3.2540542012127744,2.4033809659726773,3.636776554944573,3.2867385690511,0.6692903448709557,0.9871489717086761,7.335555125895214
N225,2.875049743622385,2.765220253398026,4.454938417692891,2.7814791568482704,2.3136312277922895,2.1714582874078796,1.746052517159988,2.3135564156459623,0.611637414454154,0.9453322647826462,6.640604445929046
BMW,1.657484268448643,,4.009956933809038,2.017320829664366,2.716200885162805,1.2756046408917054,2.4460153343652964,2.2076570380209297,-0.046594862010553836,1.1300013471868462,6.077481132602714
AAPL,0.9105750937262928,0.5272691029533981,2.1270832242238145,1.342783284787353,1.4348934430483211,1.375712994908921,3.1256356500102327,3.0096358259845206,-0.3590516413839168,0.2536847107158395,4.314545094850793
JPM,2.916432095237236,1.6487419461003259,6.270879097308512,2.7451562684619915,3.4871004797290026,2.0589404163938756,4.906301981514516,3.6335972702530435,0.5291477346307586,0.8604553342153295,8.000586141059676
XOM,1.8021660266503008,0.6824043295731121,4.25071955662086,2.834125633268219,2.298247213563978,1.9166705502118833,3.8968676034803154,3.541687745535961,0.670646274571662,0.3459839719966188,6.620666177155874
USDJPY,2.2135155655512055,1.6156782951182649,1.6644768792174862,0.9927620685965269,1.776094134395958,1.3364721683698715,2.0930666929505928,1.8775712364838115,0.22895160553342292,0.24317746542356922,3.2335089167556035
GBPUSD,2.683120732522745,1.3511654981034673,3.599053278554796,1.59907430339462,1.5770590337410413,1.2819454003060464,2.633318629820869,2.155425702640567,0.8737000753859765,0.4529235164319341,4.470747939488977
EURUSD,,,2.1034299910494028,1.2827624011086491,2.2188685408251887,1.306029558155409,1.8416682687311658,2.12393202291065,0.06712912359109338,0.4451021801968438,3.4010156105997416
UST10,0.8114381475479433,1.0132004967286536,2.428181262903788,1.2250034519870066,2.117698545927409,1.1388209454728189,2.6308373913982295,2.4237122637085755,0.23160160012667197,0.6678835691160708,3.7262432716450107
BRENT,2.8384994981099245,2.285506943035751,1.8850494670679105,1.2800956572231277,2.556894248478578,1.6303436462433707,5.30127994792194,4.11421521487762,0.5037376384467903,0.15218703433855474,5.612624406181472
GOLD,,,2.993602728927398,1.826613312502408,1.7720237469663946,1.053478373263713,1.7362567771636275,1.8590721586568264,0.7363508500891977,0.48283547790912107,3.2788898731771274
BTC,,,,,3.236528902818068,2.6200391472879874,1.7295366912493757,1.3560529115498345,0.6452513575139529,0.8022262716596645,3.814240734584405
