case,loss,comparison,mean loss diff,rel. loss,DM,p,p Holm
SPX,QLIKE,ROLL252 vs HIST,-0.0706069132916052,,-1.4392406001792595,0.15016016517383557,0.30032033034767114
SPX,QLIKE,EWMA vs HIST,-0.37487217460335276,,-4.472445623792936,7.946371563449941e-06,0.00015892743126899882
SPX,QLIKE,GARCH vs HIST,-0.41848718252259265,,-5.057772832122901,4.430918711923698e-07,1.0634204908616876e-05
SPX,QLIKE,GJR vs HIST,-0.4645934088834499,,-5.492216166264538,4.214435281612086e-08,1.0536088204030214e-06
SPX,QLIKE,HAR vs HIST,-0.40873252296155266,,-4.9573364009066845,7.44107861212533e-07,1.711448080788826e-05
SPX,QLIKE,HAR vs GARCH,0.009754659561039953,,1.368891735487599,0.1711095442583963,1.0
SPX,QLIKE,HAR vs EWMA,-0.033860348358199954,,-2.338221035724519,0.01942452723980039,0.4079150720358082
SPX,MSE,ROLL252 vs HIST,1.4433583666192672e-09,1.0065103576974856,0.5913616716171022,0.5543113409298851,1.0
SPX,MSE,EWMA vs HIST,-3.675538962989606e-08,0.8342125286864369,-1.377514958717962,0.168429720411627,1.0
SPX,MSE,GARCH vs HIST,-4.932645931426504e-08,0.7775099368852348,-1.4799015545706187,0.13897782220520147,1.0
SPX,MSE,GJR vs HIST,-5.767825555146362e-08,0.73983864042957,-1.5281766608946057,0.1265472981823456,1.0
SPX,MSE,HAR vs HIST,-4.344109771873878e-08,0.8040562264638014,-1.5094785668512034,0.131255059158685,1.0
SPX,MSE,HAR vs GARCH,5.885361595526262e-09,1.034142701358793,1.116863283756349,0.2641194834838459,1.0
SPX,MSE,HAR vs EWMA,-6.6857080888427214e-09,0.9638505762193237,-1.1563180315888666,0.24761975629810226,1.0
DAX,QLIKE,ROLL252 vs HIST,-0.0817842168415164,,-2.637605297733148,0.008381226224032656,0.058668583568228586
DAX,QLIKE,EWMA vs HIST,-0.2737920825278992,,-7.934424476169694,2.713515984814274e-15,1.2210821931664233e-13
DAX,QLIKE,GARCH vs HIST,-0.2972163675896406,,-9.63643654991859,9.57459612611622e-22,5.170281908102759e-20
DAX,QLIKE,GJR vs HIST,-0.3295451966414881,,-10.050956417269159,1.709473013675873e-23,1.0256838082055238e-21
DAX,QLIKE,HAR vs HIST,-0.278786159230275,,-9.389830634628636,9.739134462875288e-21,4.966958576066397e-19
DAX,QLIKE,HAR vs GARCH,0.018430208359365586,,3.2761000732925343,0.001061359755701847,0.023349914625440636
DAX,QLIKE,HAR vs EWMA,-0.004994076702375802,,-0.4021950536691136,0.6875616648423925,1.0
DAX,MSE,ROLL252 vs HIST,-2.01128255840032e-09,0.9907079360073304,-1.2927073253026204,0.19618589954206533,1.0
DAX,MSE,EWMA vs HIST,-2.2607449265750383e-08,0.8955542748526281,-2.899119078146368,0.00376220343461608,0.1316771202115628
DAX,MSE,GARCH vs HIST,-2.524825935193553e-08,0.8833538129081678,-3.1354234796782925,0.0017283264759601917,0.06567640608648728
DAX,MSE,GJR vs HIST,-3.103320971501173e-08,0.8566275189105336,-2.947246107915458,0.0032244426509027793,0.11607993543250006
DAX,MSE,HAR vs HIST,-2.6109139393524136e-08,0.879376573408405,-2.7402358229469828,0.006166373097574485,0.203490312219958
DAX,MSE,HAR vs GARCH,-8.608800415886009e-10,0.9954975691035182,-0.33398091616026915,0.7384112169418224,1.0
DAX,MSE,HAR vs EWMA,-3.5016901277737465e-09,0.9819355432735942,-1.0752486753855455,0.2823273334583834,1.0
N225,QLIKE,ROLL252 vs HIST,-0.00945083180106144,,-0.33001182014328184,0.7414087010420112,0.7414087010420112
N225,QLIKE,EWMA vs HIST,-0.1780358117923355,,-5.866613928342968,4.8163007231355384e-09,1.493053224172017e-07
N225,QLIKE,GARCH vs HIST,-0.2180959894618702,,-6.90089680368625,6.002376544500763e-12,2.460974383245313e-10
N225,QLIKE,GJR vs HIST,-0.24229604475166022,,-6.692783036931082,2.5008642967784977e-11,9.503284327758291e-10
N225,QLIKE,HAR vs HIST,-0.20476346355772584,,-6.85922716206127,8.013836147931116e-12,3.2055344591724464e-10
N225,QLIKE,HAR vs GARCH,0.013332525904144328,,2.2574313453106885,0.024036051131155273,0.48072102262310545
N225,QLIKE,HAR vs EWMA,-0.026727651765390364,,-1.999040276426823,0.04567305773241642,0.7764419814510792
N225,MSE,ROLL252 vs HIST,-7.961260086200679e-10,0.9974656483157536,-0.4433218563325425,0.6575574640680163,1.0
N225,MSE,EWMA vs HIST,-1.4126467409450823e-08,0.9550304397997901,-1.7812057128950458,0.07495641777788194,1.0
N225,MSE,GARCH vs HIST,-2.2596467897473444e-08,0.9280674216720509,-1.8883420173920198,0.05905397599019857,1.0
N225,MSE,GJR vs HIST,-3.203361102591068e-08,0.8980256452157275,-1.815145649038941,0.06957807107957092,1.0
N225,MSE,HAR vs HIST,-1.8466843464409208e-08,0.9412134821246944,-1.6600938902808795,0.09697571183182688,1.0
N225,MSE,HAR vs GARCH,4.129624433064237e-09,1.0141649842949543,1.1192902113648062,0.2630850691100318,1.0
N225,MSE,HAR vs EWMA,-4.340376054958386e-09,0.985532442632936,-0.7898402957787678,0.4296689140556241,1.0
USDJPY,QLIKE,ROLL252 vs HIST,-0.06787989103307476,,-2.684987441204251,0.0072831764510701705,0.058265411608561364
USDJPY,QLIKE,EWMA vs HIST,-0.15108039023821856,,-5.779688299489327,8.054416999283592e-09,2.4163250997850773e-07
USDJPY,QLIKE,GARCH vs HIST,-0.16274554601261856,,-9.642924042926477,9.070119891359784e-22,4.988565940247881e-20
USDJPY,QLIKE,GJR vs HIST,-0.16358996661505415,,-9.68945923651596,5.817254231219463e-22,3.2576623694828994e-20
USDJPY,QLIKE,HAR vs HIST,-0.13769609927443574,,-10.044016510794576,1.8475366312819708e-23,1.0900466124563628e-21
USDJPY,QLIKE,HAR vs GARCH,0.02504944673818285,,3.88429191746485,0.00010428734304795221,0.002607183576198805
USDJPY,QLIKE,HAR vs EWMA,0.013384290963782831,,0.8757170303252766,0.3812364671428791,1.0
USDJPY,MSE,ROLL252 vs HIST,-1.5795534873627992e-10,0.9791365049066562,-3.1748116961709467,0.001510721163430098,0.058918125373773826
USDJPY,MSE,EWMA vs HIST,-3.4327034807680916e-10,0.9546592167970949,-4.036383934422728,5.529691300116484e-05,0.0025989549110547474
USDJPY,MSE,GARCH vs HIST,-3.9739909043606415e-10,0.9475096345913877,-5.706357849887766,1.2377767012949404e-08,7.05532719738116e-07
USDJPY,MSE,GJR vs HIST,-4.0176870015631423e-10,0.9469324757190379,-5.625517130486785,1.9760258215398112e-08,1.067053943631498e-06
USDJPY,MSE,HAR vs HIST,-3.346601380470808e-10,0.9557964943641104,-5.648389614274204,1.7321604668395853e-08,9.52688256761772e-07
USDJPY,MSE,HAR vs GARCH,6.273895238898331e-11,1.0087459372128669,1.603118176167586,0.10898751951001781,1.0
USDJPY,MSE,HAR vs EWMA,8.610210029728315e-12,1.0011912916640884,0.19312951806827872,0.8468673410083069,1.0
EURUSD,QLIKE,ROLL252 vs HIST,-0.08594050471768915,,-3.8784586622617487,0.00010680978895278269,0.0016021468342917403
EURUSD,QLIKE,EWMA vs HIST,-0.15149222427031148,,-6.38250364318453,1.9409081212235795e-10,6.987269236404886e-09
EURUSD,QLIKE,GARCH vs HIST,-0.16468094175504835,,-9.10048188747234,1.3867041428279893e-19,6.794850299857148e-18
EURUSD,QLIKE,GJR vs HIST,-0.16537498881376442,,-9.24833689319298,3.6167193965836384e-20,1.8083596982918193e-18
EURUSD,QLIKE,HAR vs HIST,-0.1436654916171315,,-11.501115558982276,3.8585866737819175e-30,2.6238389381717037e-28
EURUSD,QLIKE,HAR vs GARCH,0.021015450137916888,,2.2250579091348768,0.026132915375170283,0.4965253921282354
EURUSD,QLIKE,HAR vs EWMA,0.007826732653180006,,0.5319450749888714,0.5947935790601911,1.0
EURUSD,MSE,ROLL252 vs HIST,-1.7122314822054182e-10,0.9416973677232936,-6.680311421708238,2.712779133817028e-11,1.6005396889520465e-09
EURUSD,MSE,EWMA vs HIST,-2.4080941762901847e-10,0.918002775496753,-7.924567055319627,2.944576518940515e-15,1.8550832069325244e-13
EURUSD,MSE,GARCH vs HIST,-2.625716773403014e-10,0.9105925798623238,-10.234381282683264,2.764065924883606e-24,1.879564828920852e-22
EURUSD,MSE,GJR vs HIST,-2.6710964888820697e-10,0.9090473700633608,-10.454303267010618,2.954386689974123e-25,2.038526816082145e-23
EURUSD,MSE,HAR vs HIST,-2.206522687653435e-10,0.9248664201041514,-8.836861856984028,1.4479896121660716e-18,9.267133517862858e-17
EURUSD,MSE,HAR vs GARCH,4.191940857495792e-11,1.0156753311607105,3.1413873447030127,0.0016937726287437318,0.04742563360482449
EURUSD,MSE,HAR vs EWMA,2.0157148863675003e-11,1.0074767144398713,1.4346772575962687,0.15145726417485936,1.0
UST10,QLIKE,ROLL252 vs HIST,-0.08316185983237195,,-5.528504203471316,3.43578251521103e-08,8.933034539548678e-07
UST10,QLIKE,EWMA vs HIST,-0.1430295499313859,,-7.230120367363806,5.752887663344253e-13,2.4737416952380287e-11
UST10,QLIKE,GARCH vs HIST,-0.14925755687166906,,-10.390912332125838,5.653841962949768e-25,3.505382017028856e-23
UST10,QLIKE,GJR vs HIST,-0.14899000221622194,,-10.18365259971804,4.600628807962316e-24,2.8063835728570125e-22
UST10,QLIKE,HAR vs HIST,-0.13230579549240587,,-10.676404278347995,2.9533003338287803e-26,1.8605792103121318e-24
UST10,QLIKE,HAR vs GARCH,0.01695176137926321,,3.5314104992408195,0.0004180132594945439,0.00961430496837451
UST10,QLIKE,HAR vs EWMA,0.010723754438980042,,1.07847264387823,0.28088791350402886,1.0
UST10,MSE,ROLL252 vs HIST,-1.3667548901285928e-06,0.9545553323727491,-4.409345885121975,1.0640692144214147e-05,0.000510753222922279
UST10,MSE,EWMA vs HIST,-2.8870367493878185e-06,0.9040058854362365,-3.89601621877282,9.938660573809477e-05,0.00457178386395236
UST10,MSE,GARCH vs HIST,-2.826439276292612e-06,0.9060207544107342,-5.671474351732759,1.5157725415718358e-08,8.48832623280228e-07
UST10,MSE,GJR vs HIST,-2.7945101638843712e-06,0.9070823989759047,-5.495927774333788,4.1288037660420664e-08,2.1882659960022952e-06
UST10,MSE,HAR vs HIST,-2.7577852803177014e-06,0.9083035031690494,-4.904784437184096,9.724758783466884e-07,4.959626979568111e-05
UST10,MSE,HAR vs GARCH,6.865399597491082e-08,1.002519532524175,0.40903487936404326,0.6825359634165632,1.0
UST10,MSE,HAR vs EWMA,1.2925146907011763e-07,1.0047539709663937,0.6085760917248645,0.5428400120778972,1.0
BRENT,QLIKE,ROLL252 vs HIST,-0.3553554029044953,,-2.133360648316857,0.032955147044430574,0.1318205881777223
BRENT,QLIKE,EWMA vs HIST,-0.6021067932589116,,-2.808878105637966,0.004995298958572762,0.044957690627154864
BRENT,QLIKE,GARCH vs HIST,-0.6165954975530572,,-2.877028726695017,0.004035398989562929,0.04203755706271547
BRENT,QLIKE,GJR vs HIST,-0.6224905216995136,,-2.894199289252436,0.003821596096610497,0.04203755706271547
BRENT,QLIKE,HAR vs HIST,-0.5199752246546905,,-2.4655354295112324,0.013722070549026811,0.07058938388314671
BRENT,QLIKE,HAR vs GARCH,0.09662027289836655,,7.833183506571255,6.0335105531333685e-15,1.6893829548773432e-13
BRENT,QLIKE,HAR vs EWMA,0.08213156860422095,,4.995185324360217,6.126014853666448e-07,1.654024010489941e-05
BRENT,MSE,ROLL252 vs HIST,1.615510563676162e-07,1.0028455250424098,0.240038244757193,0.8103127682561206,1.0
BRENT,MSE,EWMA vs HIST,-3.2569701910997808e-06,0.9426324380072877,-0.667414232202407,0.504545640595752,1.0
BRENT,MSE,GARCH vs HIST,-3.38676538667044e-06,0.9403462537650727,-0.6561069354804494,0.5117926313040061,1.0
BRENT,MSE,GJR vs HIST,-3.5681136051604377e-06,0.9371520258304966,-0.625236869420479,0.5318508680422823,1.0
BRENT,MSE,HAR vs HIST,1.9902436317113806e-06,1.0350557168852224,0.3350935171016075,0.7375719146475199,1.0
BRENT,MSE,HAR vs GARCH,5.377009018381821e-06,1.1007176481439047,1.8229887038203199,0.06837886217229922,1.0
BRENT,MSE,HAR vs EWMA,5.24721382281116e-06,1.0980480568580009,1.7698243714046773,0.07683170582781651,1.0
GOLD,QLIKE,ROLL252 vs HIST,-0.050475735443258646,,-2.520269212191547,0.011764897313857785,0.07058938388314671
GOLD,QLIKE,EWMA vs HIST,-0.09579941523773183,,-4.054086686458205,5.128254716406075e-05,0.000820520754624972
GOLD,QLIKE,GARCH vs HIST,-0.11579348930803465,,-7.061285932145166,1.934647723780886e-12,8.125520439879721e-11
GOLD,QLIKE,GJR vs HIST,-0.11236177475929207,,-6.077510939788763,1.3339507801342707e-09,4.6688277304699476e-08
GOLD,QLIKE,HAR vs HIST,-0.11080593704713977,,-6.517756525664347,8.018959061363367e-11,2.967014852704446e-09
GOLD,QLIKE,HAR vs GARCH,0.004987552260894859,,0.7049830297704627,0.480861609103101,1.0
GOLD,QLIKE,HAR vs EWMA,-0.01500652180940796,,-1.3576699927886215,0.17464456975343035,1.0
GOLD,MSE,ROLL252 vs HIST,-8.616281889919346e-10,0.9898016136285136,-1.9488307770307536,0.05138505712060531,1.0
GOLD,MSE,EWMA vs HIST,-2.745304012954872e-09,0.9675060874411948,-2.124888566871455,0.03365670593747476,0.8549344637823135
GOLD,MSE,GARCH vs HIST,-3.149409383802239e-09,0.9627230235171652,-3.6559491425545283,0.0002595063943268127,0.010899268561726133
GOLD,MSE,GJR vs HIST,-3.146779651308049e-09,0.9627541495044205,-3.778363003279678,0.00016014704722708847,0.007046470077991893
GOLD,MSE,HAR vs HIST,-3.288608079517724e-09,0.961075442693499,-2.6597815044941084,0.007850143403846405,0.24335444551923854
GOLD,MSE,HAR vs GARCH,-1.3919869571548465e-10,0.9982886242632413,-0.28682530491180364,0.7742608569344958,1.0
GOLD,MSE,HAR vs EWMA,-5.433040665628522e-10,0.9933533805821282,-1.8711267075183382,0.06140005063281935,1.0
AAPL,QLIKE,ROLL252 vs HIST,-0.38491993088143295,,-9.84293019508241,1.3212235489849277e-22,7.530974229214088e-21
AAPL,QLIKE,EWMA vs HIST,-0.47294014374284427,,-11.468036197756282,5.555632102797469e-30,3.7222735088743045e-28
AAPL,QLIKE,GARCH vs HIST,-0.47972352823257747,,-19.529470328708225,3.190826720001904e-81,2.361211772801409e-79
AAPL,QLIKE,GJR vs HIST,-0.49811546649358696,,-20.735578871477866,7.957086872995173e-91,5.96781515474638e-89
AAPL,QLIKE,HAR vs HIST,-0.10259328400267605,,-18.57228064666819,6.132255002121057e-74,4.476546151548372e-72
AAPL,QLIKE,HAR vs GARCH,0.3771302442299013,,17.697923703282907,1.487971833527552e-67,4.463915500582656e-66
AAPL,QLIKE,HAR vs EWMA,0.3703468597401682,,9.531243152544945,2.6045647338220384e-21,7.553237728083911e-20
AAPL,MSE,ROLL252 vs HIST,-3.1267813415002544e-07,0.7198282655974086,-16.352154369708852,3.056582920094697e-58,2.2924371900710227e-56
AAPL,MSE,EWMA vs HIST,-3.6404266391370396e-07,0.6738036549229749,-12.2476036286717,6.896591400418938e-34,4.965545808301635e-32
AAPL,MSE,GARCH vs HIST,-3.542888626234355e-07,0.6825434391485055,-11.134508051404902,2.2057998961155985e-28,1.5661179262420748e-26
AAPL,MSE,GJR vs HIST,-3.6342618824924194e-07,0.6743560410263357,-9.423758248109843,7.131769144562926e-21,4.6356499439659015e-19
AAPL,MSE,HAR vs HIST,-1.3679677863448646e-07,0.8774247811254943,-12.736595025467773,1.856419606069739e-36,1.3737505084916068e-34
AAPL,MSE,HAR vs GARCH,2.1749208398894904e-07,1.2855222551404337,9.924423854314004,5.970866387781408e-23,1.7315512524566084e-21
AAPL,MSE,HAR vs EWMA,2.272458852792175e-07,1.3021965296786586,11.360225189076608,1.8463369026464156e-29,5.5390107079392465e-28
JPM,QLIKE,ROLL252 vs HIST,-0.25552725450758457,,-5.701840911597745,1.2702586637249118e-08,3.683750124802244e-07
JPM,QLIKE,EWMA vs HIST,-0.4204432432572762,,-9.491513864461032,3.784193578982306e-21,2.005622596860622e-19
JPM,QLIKE,GARCH vs HIST,-0.4447132838274753,,-11.30336975667652,3.4636960977346146e-29,2.2514024635274996e-27
JPM,QLIKE,GJR vs HIST,-0.4660228033281795,,-11.442452749026922,7.394596978595593e-30,4.8804340058730915e-28
JPM,QLIKE,HAR vs HIST,-0.42056305996489385,,-12.23211922779176,8.289196548467286e-34,5.719545618442427e-32
JPM,QLIKE,HAR vs GARCH,0.024150223862581487,,2.0271148768718383,0.042716479888177096,0.7688966379871878
JPM,QLIKE,HAR vs EWMA,-0.00011981670761765754,,-0.0061911784111479806,0.9950604928619246,1.0
JPM,MSE,ROLL252 vs HIST,-5.566626245353797e-08,0.9510269525416349,-3.1235462853507845,0.0017995606529249439,0.06658374415822292
JPM,MSE,EWMA vs HIST,-2.386748367778989e-07,0.7900230122617352,-2.7614470977327783,0.005780695806244234,0.19654365741230398
JPM,MSE,GARCH vs HIST,-2.486316285050641e-07,0.7812634079287786,-2.727535730939766,0.006408628823766185,0.20507612236051792
JPM,MSE,GJR vs HIST,-2.6472403719293736e-07,0.7671059225928729,-2.5330417797417906,0.011345431861329454,0.34036295583988363
JPM,MSE,HAR vs HIST,-2.9680424450661877e-07,0.7388829838504275,-2.227286199437583,0.025983272540187966,0.753514903665451
JPM,MSE,HAR vs GARCH,-4.8172616001554697e-08,0.9457539881578396,-1.031863055274963,0.30219830278226983,1.0
JPM,MSE,HAR vs EWMA,-5.812940772871988e-08,0.9352676724379201,-1.1106826392793083,0.26677135544016034,1.0
XOM,QLIKE,ROLL252 vs HIST,-0.17350893910442597,,-4.141186129685232,3.526034016080866e-05,0.0006346861228945558
XOM,QLIKE,EWMA vs HIST,-0.3296347352550584,,-5.551698832321533,3.0115255889729e-08,8.13111909022683e-07
XOM,QLIKE,GARCH vs HIST,-0.3416349166316271,,-5.939233958144345,3.1057582558880876e-09,9.93842641884188e-08
XOM,QLIKE,GJR vs HIST,-0.3457070459521735,,-5.953927225446638,2.8414611138998936e-09,9.376821675869649e-08
XOM,QLIKE,HAR vs HIST,-0.3265496038474353,,-5.605588711342772,2.2146081401201895e-08,6.200902792336531e-07
XOM,QLIKE,HAR vs GARCH,0.015085312784191864,,1.8558940128914612,0.06354174355128377,1.0
XOM,QLIKE,HAR vs EWMA,0.0030851314076230656,,0.2364445752064911,0.8130997478931881,1.0
XOM,MSE,ROLL252 vs HIST,-2.071274129352265e-08,0.9622128948775688,-2.2217129865129674,0.026358144738718448,0.753514903665451
XOM,MSE,EWMA vs HIST,-8.842679937886921e-08,0.8386793560341329,-2.0725617112685257,0.03827662911182364,0.9186390986837674
XOM,MSE,GARCH vs HIST,-9.659899575292152e-08,0.823770482356266,-2.2233037933846913,0.02625066813014276,0.753514903665451
XOM,MSE,GJR vs HIST,-1.0826370481501973e-07,0.8024900742583809,-2.134256308912011,0.03288209476085821,0.8549344637823135
XOM,MSE,HAR vs HIST,-1.047307407708472e-07,0.8089354057497111,-1.9631109344199824,0.04970208018876973,1.0
XOM,MSE,HAR vs GARCH,-8.13174501792568e-09,0.9819912500820356,-0.5808767404161402,0.5613560678185345,1.0
XOM,MSE,HAR vs EWMA,-1.630394139197801e-08,0.9645347771226036,-1.0043583729915395,0.3152663114814266,1.0
BMW,QLIKE,ROLL252 vs HIST,-0.1261198026014001,,-4.130847840924413,3.6869973992603586e-05,0.0006346861228945558
BMW,QLIKE,EWMA vs HIST,-0.20623267746750798,,-6.746931526431445,1.7232565913492275e-11,6.720700706261987e-10
BMW,QLIKE,GARCH vs HIST,-0.22474871714185635,,-8.776629553751363,2.4383653888789936e-18,1.170415386661917e-16
BMW,QLIKE,GJR vs HIST,-0.23703817724045453,,-9.415468779925359,7.667753494193431e-21,3.987231816980584e-19
BMW,QLIKE,HAR vs HIST,-0.21412241746159547,,-9.982963643180272,3.342045173997904e-23,1.9383862009187844e-21
BMW,QLIKE,HAR vs GARCH,0.010626299680260853,,1.3222214248826076,0.18616885687284368,1.0
BMW,QLIKE,HAR vs EWMA,-0.00788973999408747,,-0.5780960492990707,0.5632313121750004,1.0
BMW,MSE,ROLL252 vs HIST,-3.077631559634574e-08,0.9594146058254426,-4.565155515917122,5.138866471790691e-06,0.00025180445711774383
BMW,MSE,EWMA vs HIST,-8.992118175966048e-08,0.8814189893870477,-3.57181020244241,0.0003586316177007945,0.014703896325732574
BMW,MSE,GARCH vs HIST,-8.937600183111015e-08,0.8821379299706598,-3.869487257914112,0.00011077483893062822,0.00498486775187827
BMW,MSE,GJR vs HIST,-1.0128246718911069e-07,0.8664366161383588,-3.449432212368992,0.0005674809944813615,0.02269923977925446
BMW,MSE,HAR vs HIST,-9.282490309848549e-08,0.8775897891457008,-3.7085063715800173,0.00021126907234370905,0.00908457011077949
BMW,MSE,HAR vs GARCH,-3.448901267375339e-09,0.9948441840324107,-0.5051938945644664,0.6134500596350564,1.0
BMW,MSE,HAR vs EWMA,-2.903721338825015e-09,0.995655641315364,-0.47258026479997706,0.6365380479966941,1.0
GBPUSD,QLIKE,ROLL252 vs HIST,-0.029824087016693316,,-1.9260101191551149,0.054173901284777386,0.16252170385433215
GBPUSD,QLIKE,EWMA vs HIST,-0.13640742006536913,,-3.5461989593211696,0.00039531014750183335,0.004743721770022
GBPUSD,QLIKE,GARCH vs HIST,-0.1458483008319596,,-4.343948313792725,1.4341464260870753e-05,0.0002724878209565443
GBPUSD,QLIKE,GJR vs HIST,-0.14482159439382386,,-4.5682080845851605,5.067308432847612e-06,0.00010641347708979985
GBPUSD,QLIKE,HAR vs HIST,-0.1483184836709322,,-3.8107351341159417,0.00014063693783148416,0.0019689171296407783
GBPUSD,QLIKE,HAR vs GARCH,-0.0024701828389726457,,-0.31364601268455417,0.7538062629429652,1.0
GBPUSD,QLIKE,HAR vs EWMA,-0.011911063605563111,,-1.4276835628774893,0.15346102283299673,1.0
GBPUSD,MSE,ROLL252 vs HIST,3.394871868094317e-11,1.0022701557268685,0.7626880911602166,0.4456944076891489,1.0
GBPUSD,MSE,EWMA vs HIST,-2.5001559741028737e-10,0.9832814208512075,-0.770239409699632,0.44120337731984455,1.0
GBPUSD,MSE,GARCH vs HIST,-3.1348546528314613e-10,0.9790371816093877,-1.1977751454238679,0.2310755351937067,1.0
GBPUSD,MSE,GJR vs HIST,-2.8898884504225743e-10,0.980675274146883,-1.1384142156850876,0.25501573829426594,1.0
GBPUSD,MSE,HAR vs HIST,-2.548422716734343e-10,0.9829586604453381,-0.9220403394632211,0.35656314338197265,1.0
GBPUSD,MSE,HAR vs GARCH,5.864319360971186e-11,1.0040054442360444,0.5257977964982447,0.599057852895634,1.0
GBPUSD,MSE,HAR vs EWMA,-4.826674263146877e-12,0.9996717517497788,-0.04367388954752869,0.9651665324001636,1.0
BTC,QLIKE,ROLL252 vs HIST,-0.19736122199557368,,-6.062251608120678,1.7059627866314269e-09,5.8002734745468517e-08
BTC,QLIKE,EWMA vs HIST,-0.19556966998076972,,-3.6320695830596574,0.00029088497233447735,0.0037815046403482057
BTC,QLIKE,GARCH vs HIST,-0.21418309933155288,,-8.484382692090481,5.244559079081203e-17,2.4124971763773533e-15
BTC,QLIKE,GJR vs HIST,-0.21868024165260275,,-8.776665816983998,4.610455448208014e-18,2.1669140606577667e-16
BTC,QLIKE,HAR vs HIST,-0.1467714355586214,,-11.41014127824651,6.017148951602619e-29,3.850975329025676e-27
BTC,QLIKE,HAR vs GARCH,0.06741166377293152,,4.840843634918667,1.4301108103434444e-06,3.7182881068929557e-05
BTC,QLIKE,HAR vs EWMA,0.048798234422148284,,1.0697607320099614,0.2849038449213913,1.0
BTC,MSE,ROLL252 vs HIST,-4.5845562452035817e-07,0.8808032783118704,-7.780268235093742,1.3598919505894289e-14,8.295340898595516e-13
BTC,MSE,EWMA vs HIST,-4.5245333240680035e-07,0.8823638514715935,-6.265280205534354,4.886491698283775e-10,2.8341651850045894e-08
BTC,MSE,GARCH vs HIST,-3.945094752324497e-07,0.8974290343328,-5.474049060122689,5.170691924407505e-08,2.6887598006919025e-06
BTC,MSE,GJR vs HIST,-3.9560112166961174e-07,0.8971452104039553,-4.82505170833023,1.5462836929904458e-06,7.731418464952229e-05
BTC,MSE,HAR vs HIST,-3.9646637745908597e-07,0.8969202471839385,-7.56430649397013,6.863899891206625e-14,4.118339934723975e-12
BTC,MSE,HAR vs GARCH,-1.956902226636234e-09,0.9994330614127725,-0.044647458800124155,0.9643944191644125,1.0
BTC,MSE,HAR vs EWMA,5.598695494771445e-08,1.016497044488017,0.8280046630219051,0.4078031827423758,1.0
BTC-RV,QLIKE,ROLL252 vs HIST,-0.192117429122855,,-7.432303965393056,1.8103291747345719e-13,7.965448368832116e-12
BTC-RV,QLIKE,EWMA vs HIST,-0.23904546397604745,,-4.826790319952755,1.5331656114955933e-06,3.3729643452903056e-05
BTC-RV,QLIKE,GARCH vs HIST,-0.23010722547830897,,-14.755701250312704,4.937224554905277e-46,3.456057188433694e-44
BTC-RV,QLIKE,GJR vs HIST,-0.23453554067833532,,-15.082722062063429,7.02942433726516e-48,4.990891279458264e-46
BTC-RV,QLIKE,HAR vs HIST,-0.24760125655387155,,-15.655598126070144,3.485448818103345e-51,2.5095231490344084e-49
BTC-RV,QLIKE,HAR vs GARCH,-0.01749403107556262,,-3.6708979442281904,0.0002504133227234234,0.006009919745362162
BTC-RV,QLIKE,HAR vs EWMA,-0.008555792577824142,,-0.22622441278407035,0.8210585716285473,1.0
BTC-RV,MSE,ROLL252 vs HIST,-5.271909098848242e-07,0.6919983973332807,-9.734525116924639,9.6896258967267e-22,6.395153091839623e-20
BTC-RV,MSE,EWMA vs HIST,-6.333540472372208e-07,0.6299745349419339,-10.587643721087623,2.7375333293093165e-25,1.9162733305165216e-23
BTC-RV,MSE,GARCH vs HIST,-6.681333363252804e-07,0.6096553743155267,-12.791629735596125,1.378608784492758e-35,1.0063844126797132e-33
BTC-RV,MSE,GJR vs HIST,-7.451588949423995e-07,0.5646546069359166,-7.909428666212218,5.067646469845534e-15,3.141940811304231e-13
BTC-RV,MSE,HAR vs HIST,-7.445027558398055e-07,0.5650379441509216,-9.786246417479909,6.003299971328244e-22,4.022210980789924e-20
BTC-RV,MSE,HAR vs GARCH,-7.636941951452513e-08,0.9268153254374275,-2.1112732260330915,0.03491852635675726,0.9428002116324461
BTC-RV,MSE,HAR vs EWMA,-1.1114870860258468e-07,0.89692187987091,-1.3820025309984927,0.16718247093659047,1.0
