,mean loss diff,mean loss diff,p Holm,p Holm
comparison,HAR vs EWMA,HAR vs GARCH,HAR vs EWMA,HAR vs GARCH
case,,,,
AAPL,0.3703468597401682,0.3771302442299013,7.553237728083911e-20,4.463915500582656e-66
BMW,-0.00788973999408747,0.010626299680260853,1.0,1.0
BRENT,0.08213156860422095,0.09662027289836655,1.654024010489941e-05,1.6893829548773432e-13
BTC,0.048798234422148284,0.06741166377293152,1.0,3.7182881068929557e-05
BTC-RV,-0.008555792577824142,-0.01749403107556262,1.0,0.006009919745362162
DAX,-0.004994076702375802,0.018430208359365586,1.0,0.023349914625440636
EURUSD,0.007826732653180006,0.021015450137916888,1.0,0.4965253921282354
GBPUSD,-0.011911063605563111,-0.0024701828389726457,1.0,1.0
GOLD,-0.01500652180940796,0.004987552260894859,1.0,1.0
JPM,-0.00011981670761765754,0.024150223862581487,1.0,0.7688966379871878
N225,-0.026727651765390364,0.013332525904144328,0.7764419814510792,0.48072102262310545
SPX,-0.033860348358199954,0.009754659561039953,0.4079150720358082,1.0
USDJPY,0.013384290963782831,0.02504944673818285,1.0,0.002607183576198805
UST10,0.010723754438980042,0.01695176137926321,1.0,0.00961430496837451
XOM,0.0030851314076230656,0.015085312784191864,1.0,1.0
