case,EWMA,GARCH,GJR,HAR,ROLL252,best
AAPL,-0.47294014374284427,-0.47972352823257747,-0.49811546649358696,-0.10259328400267605,-0.38491993088143295,GJR
BMW,-0.20623267746750798,-0.22474871714185635,-0.23703817724045453,-0.21412241746159547,-0.1261198026014001,GJR
BRENT,-0.6021067932589116,-0.6165954975530572,-0.6224905216995136,-0.5199752246546905,-0.3553554029044953,GJR
BTC,-0.19556966998076972,-0.21418309933155288,-0.21868024165260275,-0.1467714355586214,-0.19736122199557368,GJR
BTC-RV,-0.23904546397604745,-0.23010722547830897,-0.23453554067833532,-0.24760125655387155,-0.192117429122855,HAR
DAX,-0.2737920825278992,-0.2972163675896406,-0.3295451966414881,-0.278786159230275,-0.0817842168415164,GJR
EURUSD,-0.15149222427031148,-0.16468094175504835,-0.16537498881376442,-0.1436654916171315,-0.08594050471768915,GJR
GBPUSD,-0.13640742006536913,-0.1458483008319596,-0.14482159439382386,-0.1483184836709322,-0.029824087016693316,HAR
GOLD,-0.09579941523773183,-0.11579348930803465,-0.11236177475929207,-0.11080593704713977,-0.050475735443258646,GARCH
JPM,-0.4204432432572762,-0.4447132838274753,-0.4660228033281795,-0.42056305996489385,-0.25552725450758457,GJR
N225,-0.1780358117923355,-0.2180959894618702,-0.24229604475166022,-0.20476346355772584,-0.00945083180106144,GJR
SPX,-0.37487217460335276,-0.41848718252259265,-0.4645934088834499,-0.40873252296155266,-0.0706069132916052,GJR
USDJPY,-0.15108039023821856,-0.16274554601261856,-0.16358996661505415,-0.13769609927443574,-0.06787989103307476,GJR
UST10,-0.1430295499313859,-0.14925755687166906,-0.14899000221622194,-0.13230579549240587,-0.08316185983237195,GARCH
XOM,-0.3296347352550584,-0.3416349166316271,-0.3457070459521735,-0.3265496038474353,-0.17350893910442597,GJR
