case,EWMA,GARCH,GJR,HAR,ROLL252
AAPL,3.7222735088743045e-28,2.361211772801409e-79,5.96781515474638e-89,4.476546151548372e-72,7.530974229214088e-21
BMW,6.720700706261987e-10,1.170415386661917e-16,3.987231816980584e-19,1.9383862009187844e-21,0.0006346861228945558
BRENT,0.044957690627154864,0.04203755706271547,0.04203755706271547,0.07058938388314671,0.1318205881777223
BTC,0.0037815046403482057,2.4124971763773533e-15,2.1669140606577667e-16,3.850975329025676e-27,5.8002734745468517e-08
BTC-RV,3.3729643452903056e-05,3.456057188433694e-44,4.990891279458264e-46,2.5095231490344084e-49,7.965448368832116e-12
DAX,1.2210821931664233e-13,5.170281908102759e-20,1.0256838082055238e-21,4.966958576066397e-19,0.058668583568228586
EURUSD,6.987269236404886e-09,6.794850299857148e-18,1.8083596982918193e-18,2.6238389381717037e-28,0.0016021468342917403
GBPUSD,0.004743721770022,0.0002724878209565443,0.00010641347708979985,0.0019689171296407783,0.16252170385433215
GOLD,0.000820520754624972,8.125520439879721e-11,4.6688277304699476e-08,2.967014852704446e-09,0.07058938388314671
JPM,2.005622596860622e-19,2.2514024635274996e-27,4.8804340058730915e-28,5.719545618442427e-32,3.683750124802244e-07
N225,1.493053224172017e-07,2.460974383245313e-10,9.503284327758291e-10,3.2055344591724464e-10,0.7414087010420112
SPX,0.00015892743126899882,1.0634204908616876e-05,1.0536088204030214e-06,1.711448080788826e-05,0.30032033034767114
USDJPY,2.4163250997850773e-07,4.988565940247881e-20,3.2576623694828994e-20,1.0900466124563628e-21,0.058265411608561364
UST10,2.4737416952380287e-11,3.505382017028856e-23,2.8063835728570125e-22,1.8605792103121318e-24,8.933034539548678e-07
XOM,8.13111909022683e-07,9.93842641884188e-08,9.376821675869649e-08,6.200902792336531e-07,0.0006346861228945558
