model,cost bp,delay,ann. vol,ann. return,Sharpe (rf=0),max drawdown,|vol - target|,RMSE rolling-63d vol vs target,ann. turnover
Buy & hold (unscaled),0,0,0.17331551090099262,0.12872858557797126,0.7427412867363505,-0.33924960002653237,,,
HIST,2,0,0.09555974263294684,0.06978367824236834,0.7302623083698899,-0.20316847922966752,0.004440257367053169,0.04781473490199223,0.011889589645906851
HIST,2,1,0.095611748782376,0.06970708494012282,0.7290640096834193,-0.20307886057006297,0.004388251217624012,0.04787631697944089,0.011890662227073827
HIST,10,0,0.09555969035141001,0.06977416657065162,0.730163171459273,-0.20318024628945763,0.004440309648589991,0.04781464307094379,0.011889589645906851
HIST,10,1,0.09561185828715996,0.06969757241034115,0.7289636835737674,-0.20309058303266248,0.004388141712840049,0.04787645919247868,0.011890662227073827
ROLL252,2,0,0.10722513918270715,0.07320929285349784,0.6827623951949577,-0.2099857764803683,0.0072251391827071465,0.044785506637640006,0.6298842026152949
ROLL252,2,1,0.10819970558009348,0.07319496041133185,0.6764802179350681,-0.20961675611331598,0.008199705580093475,0.046198071327258415,0.6300399718789177
ROLL252,10,0,0.10722609253743311,0.0727053854914056,0.6780568401858328,-0.21029223803968955,0.007226092537433101,0.04478472640617141,0.6298842026152949
ROLL252,10,1,0.10820179686422118,0.07269092843382871,0.6718088843297688,-0.209926089182216,0.008201796864221178,0.04620128340687557,0.6300399718789177
EWMA,2,0,0.10544992344999399,0.07848139181254199,0.7442527148894433,-0.15271747308699235,0.005449923449993982,0.016936405594984237,6.629459177730058
EWMA,2,1,0.10715448159223079,0.07667080036898498,0.7155165069133607,-0.1659310067675318,0.0071544815922307825,0.019790495949585728,6.6293548616066875
EWMA,10,0,0.10546099780311803,0.07317782447035794,0.6938851897359384,-0.15445443583480667,0.005460997803118026,0.01696273261059165,6.629459177730058
EWMA,10,1,0.10715594861530266,0.07136731647969964,0.6660135755590507,-0.169495476904164,0.007155948615302651,0.019792519638759682,6.6293548616066875
GARCH,2,0,0.0997864083507166,0.07699352392919488,0.7715832767383293,-0.13708364491710234,0.0002135916492834039,0.013296995272431502,7.364017596564188
GARCH,2,1,0.10127548409935254,0.07500490933494984,0.7406028221140774,-0.1459922561714203,0.0012754840993525335,0.015389025470207374,7.363604709830654
GARCH,10,0,0.099793618318037,0.07110230985194355,0.7124935547015064,-0.14123709059734124,0.00020638168196300544,0.013316411000652928,7.364017596564188
GARCH,10,1,0.10128291214358455,0.0691140255670853,0.6823858448017889,-0.1477137998881134,0.0012829121435845442,0.015402133888507096,7.363604709830654
GJR,2,0,0.09894412191493138,0.07434181091330326,0.751351464589475,-0.13351302628671613,0.001055878085068629,0.012342716244811725,7.998639038421709
GJR,2,1,0.10063083797459867,0.07403820181482476,0.7357406865032126,-0.14398701524851798,0.0006308379745986609,0.01397174662456049,7.999064714972653
GJR,10,0,0.09894564285746922,0.06794289968256588,0.6866689398383852,-0.13858418553185559,0.0010543571425307846,0.012367508473784173,7.998639038421709
GJR,10,1,0.10063802281549897,0.06763895004284662,0.6721013405325938,-0.1494942438319269,0.000638022815498962,0.013980688424904566,7.999064714972653
HAR,2,0,0.09814634644947938,0.07540214735647732,0.7682623967596228,-0.1422177730666263,0.0018536535505206259,0.014888525962372182,9.821319915781139
HAR,2,1,0.09982644271290186,0.07203290064863051,0.7215813635250451,-0.13920710019358418,0.00017355728709814167,0.016865141656527666,9.820419493127067
HAR,10,0,0.09814260812084168,0.0675450914238524,0.6882341188720504,-0.14421293083409392,0.0018573918791583294,0.014904654590647213,9.821319915781139
HAR,10,1,0.09985117499966971,0.06417656505412886,0.6427221818305208,-0.1443731122103864,0.00014882500033029655,0.016864081352977626,9.820419493127067
